value_f,size
0.0,0
97.10999999999999,1
269.25,2
317.94999999999993,3
436.8499999999999,4
464.16999999999996,5
467.64000000000016,6
511.41000000000014,7
534.1299999999999,8
544.5599999999997,9
615.1899999999999,10
