value_f,size
0.0,0
29.979999999999993,1
81.36999999999998,2
204.7400000000001,3
254.43000000000004,4
402.38,5
421.65000000000015,6
446.38999999999993,7
465.5999999999999,8
484.37000000000006,9
505.8900000000002,10
532.5400000000001,11
580.2299999999999,12
614.6100000000001,13
632.8799999999999,14
639.2100000000002,15
655.71,16
683.5999999999998,17
706.3000000000001,18
750.0099999999998,19
772.7300000000002,20
