value_f,size
0.0,0
213.32000000000008,1
351.9199999999999,2
447.20999999999987,3
606.4999999999995,4
653.9400000000005,5
749.8000000000001,6
794.5799999999996,7
816.6600000000002,8
836.7300000000004,9
846.3100000000001,10
