value_f,size
0.0,0
169.85999999999999,1
316.01000000000005,2
366.4,3
480.8800000000002,4
589.51,5
688.7499999999998,6
746.81,7
793.5300000000003,8
799.9199999999994,9
821.8,10
843.79,11
875.4699999999999,12
890.8100000000002,13
890.9199999999996,14
904.2100000000004,15
916.3800000000001,16
939.0699999999996,17
957.6899999999999,18
965.9599999999999,19
972.7099999999999,20
