value_f,size
0.0,0
190.13999999999993,1
328.5899999999999,2
492.18000000000006,3
593.7400000000002,4
636.5200000000001,5
730.06,6
762.5800000000002,7
780.4899999999997,8
788.5499999999998,9
813.12,10
