value_f,size
0.0,0
204.30999999999997,1
337.7899999999999,2
468.50000000000006,3
562.09,4
694.6999999999998,5
747.4499999999998,6
753.5599999999995,7
789.6799999999997,8
818.3199999999995,9
830.9600000000002,10
877.42,11
884.32,12
897.1099999999999,13
905.0799999999999,14
917.0800000000002,15
927.7500000000002,16
939.23,17
943.2499999999997,18
956.7000000000002,19
975.53,20
